emote_name,url,author,channel
peepoHugCE,https://lh3.googleusercontent.com/u/0/d/1lAinUlcJBAs53vAEQ4V9kT-1wm-AllyL,,GlobalCE
67CE,https://lh3.googleusercontent.com/u/0/d/1f9lIg-CcvxRauzSTRjRp89Z1cr6mUWUu,,GlobalCE
pepeSweatCE,https://lh3.googleusercontent.com/u/0/d/1Xb4J2h-DKdvRNLynU0-oD9Lsg09Nq-pc,,GlobalCE
pepeHack,https://lh3.googleusercontent.com/u/0/d/1AiW6VnsEIeMh_Cj2H7VYDVKwOIDdwCgi,,GlobalCE
pedroLaughCryCE,https://lh3.googleusercontent.com/u/0/d/1otk6_g_D7-PSxJbfUHYWRCQKnrvy61p9,,GlobalCE
onononoCE,https://lh3.googleusercontent.com/u/0/d/1NeR741qBFwjm9C6OlwqSOyBHTljw3D-Z,,GlobalCE
omgggCE,https://lh3.googleusercontent.com/u/0/d/1pJeivz4o7r_MBO0w_XGFEfqZ5K6xz240,,GlobalCE
heheCE,https://lh3.googleusercontent.com/u/0/d/1q_1nwERjl4JxRC6ls9leemsXL01p5Kts,,GlobalCE
gokuCE,https://lh3.googleusercontent.com/u/0/d/1L90BEL_fVezdMugUmJPmwVIAtaqUl5sM,,GlobalCE
flashbangCE,https://lh3.googleusercontent.com/u/0/d/1sMFQcGYyzUR3dBHyXCmEqz9YFRxxCIVs,,GlobalCE
fingermeCE,https://lh3.googleusercontent.com/u/0/d/1G83qxBR7sAJf_FLjaD0h39JfjUbo3nSV,,GlobalCE
cigPepeCE,https://lh3.googleusercontent.com/u/0/d/1UehaiQ6_iu2s8nUrkSxm6cL6_YCqkCbg,,GlobalCE
catThumbSupSadCE,https://lh3.googleusercontent.com/u/0/d/1hus-MToV0Z8um_ih3XYSEx5ixol7O164,,GlobalCE
anyaCE,https://lh3.googleusercontent.com/u/0/d/1rc0Wyf214vF2b1aQtkB3xLuBkOsE5RCN,,GlobalCE